Date, Now , Opening , High , Low , Hac. ,Fark %
3/1/2024, 164.80 , 162.20 , 165.50 , 161.40 , 23.88 ,1.85%
2/29/2024, 161.80 , 162.20 , 164.40 , 159.70 , 21.88 ,0.19%
2/28/2024, 161.50 , 160.30 , 164.40 , 158.80 , 26.61 ,0.81%
2/27/2024, 160.20 , 160.70 , 163.10 , 160.10 , 25.32 ,-0.25%
2/26/2024, 160.60 , 164.50 , 165.20 , 160.50 , 22.70 ,-2.13%
2/23/2024, 164.10 , 164.40 , 166.70 , 163.40 , 20.21 ,0.06%
2/22/2024, 164.00 , 166.10 , 167.00 , 163.40 , 24.78 ,-0.73%
2/21/2024, 165.20 , 171.60 , 171.70 , 163.60 , 31.68 ,-3.56%
2/20/2024, 171.30 , 173.40 , 175.60 , 169.80 , 30.29 ,-0.98%
2/19/2024, 173.00 , 169.70 , 176.50 , 169.60 , 50.10 ,3.59%
2/16/2024, 167.00 , 167.60 , 168.70 , 165.70 , 25.01 ,-0.24%
2/15/2024, 167.40 , 165.00 , 168.00 , 164.50 , 31.45 ,1.70%
2/14/2024, 164.60 , 160.90 , 164.70 , 160.80 , 38.00 ,2.49%
2/13/2024, 160.60 , 163.00 , 165.80 , 160.60 , 37.13 ,-1.35%
2/12/2024, 162.80 , 159.00 , 164.60 , 158.30 , 56.44 ,3.23%
2/9/2024, 157.70 , 158.60 , 158.80 , 156.20 , 25.53 ,-0.06%
2/8/2024, 157.80 , 154.70 , 159.40 , 154.60 , 39.58 ,2.27%
2/7/2024, 154.30 , 154.70 , 157.50 , 154.20 , 35.17 ,-0.13%
2/6/2024, 154.50 , 155.70 , 156.60 , 153.40 , 25.40 ,-0.39%
2/5/2024, 155.10 , 157.00 , 157.50 , 154.30 , 20.77 ,-0.13%
2/2/2024, 155.30 , 155.30 , 157.70 , 153.70 , 22.34 ,0.39%
2/1/2024, 154.70 , 150.40 , 155.70 , 150.40 , 30.38 ,3.13%
1/31/2024, 150.00 , 150.70 , 153.60 , 149.70 , 24.23 ,-0.20%
1/30/2024, 150.30 , 152.70 , 153.90 , 150.30 , 20.11 ,-1.31%
1/29/2024, 152.30 , 148.40 , 154.30 , 148.30 , 31.07 ,3.18%
1/26/2024, 147.60 , 145.20 , 147.80 , 144.20 , 20.73 ,1.93%
1/25/2024, 144.80 , 143.50 , 145.10 , 142.30 , 18.69 ,1.61%
1/24/2024, 142.50 , 140.40 , 143.40 , 139.80 , 14.29 ,1.79%
1/23/2024, 140.00 , 142.90 , 143.80 , 139.50 , 15.54 ,-0.85%
1/22/2024, 141.20 , 140.00 , 142.40 , 139.40 , 18.15 ,1.36%
1/19/2024, 139.30 , 140.10 , 140.20 , 138.60 , 16.49 ,-0.43%
1/18/2024, 139.90 , 143.00 , 143.30 , 139.90 , 14.07 ,-1.55%
1/17/2024, 142.10 , 142.50 , 143.70 , 141.10 , 17.27 ,-0.77%
1/16/2024, 143.20 , 141.40 , 143.90 , 141.40 , 24.45 ,1.63%
1/15/2024, 140.90 , 140.00 , 141.70 , 140.00 , 17.64 ,0.86%
1/12/2024, 139.70 , 139.40 , 142.20 , 138.90 , 20.43 ,0.07%
1/11/2024, 139.60 , 140.20 , 142.20 , 139.40 , 19.51 ,-0.07%
1/10/2024, 139.70 , 138.20 , 140.00 , 137.30 , 22.99 ,1.16%
1/9/2024, 138.10 , 140.20 , 141.70 , 137.70 , 18.40 ,-1.36%
1/8/2024, 140.00 , 137.50 , 140.40 , 137.10 , 37.18 ,-2.64%
1/5/2024, 143.80 , 144.00 , 144.30 , 141.70 , 10.85 ,0.07%
1/4/2024, 143.70 , 140.90 , 143.90 , 140.90 , 22.30 ,2.28%
1/3/2024, 140.50 , 143.80 , 143.90 , 140.00 , 22.43 ,-2.43%
1/2/2024, 144.00 , 144.00 , 145.70 , 143.10 , 17.31 ,0.70%
12/29/2023, 143.00 , 145.00 , 146.00 , 142.80 , 17.25 ,-1.11%
12/28/2023, 144.60 , 147.20 , 149.20 , 144.00 , 19.44 ,-1.09%
12/27/2023, 146.20 , 143.40 , 147.40 , 142.00 , 21.22 ,1.88%
12/26/2023, 143.50 , 139.60 , 145.60 , 139.60 , 23.59 ,3.24%
12/25/2023, 139.00 , 144.40 , 146.10 , 138.20 , 25.92 ,-4.01%
12/22/2023, 144.80 , 152.70 , 152.90 , 144.80 , 22.84 ,-5.05%
12/21/2023, 152.50 , 149.70 , 153.70 , 148.40 , 22.65 ,1.87%
12/20/2023, 149.70 , 147.10 , 149.70 , 146.70 , 21.76 ,1.63%
12/19/2023, 147.30 , 146.20 , 149.10 , 143.80 , 20.29 ,0.68%
12/18/2023, 146.30 , 150.50 , 150.60 , 145.70 , 13.27 ,-3.24%
12/15/2023, 151.20 , 151.60 , 152.80 , 149.60 , 17.69 ,-0.33%
12/14/2023, 151.70 , 145.90 , 152.40 , 144.90 , 23.83 ,5.27%
12/13/2023, 144.10 , 146.70 , 147.10 , 143.50 , 27.51 ,-1.97%
12/12/2023, 147.00 , 148.80 , 150.10 , 146.10 , 31.79 ,-1.21%
12/11/2023, 148.80 , 152.60 , 152.80 , 148.80 , 17.30 ,-2.49%
12/8/2023, 152.60 , 154.40 , 154.70 , 151.70 , 16.58 ,-1.55%
12/7/2023, 155.00 , 150.00 , 155.00 , 149.70 , 29.15 ,3.40%
12/6/2023, 149.90 , 155.00 , 155.10 , 149.80 , 17.89 ,-3.17%
12/5/2023, 154.80 , 154.50 , 155.50 , 153.40 , 15.23 ,0.45%
12/4/2023, 154.10 , 153.70 , 156.80 , 153.40 , 21.29 ,0.52%
12/1/2023, 153.30 , 155.00 , 155.80 , 152.20 , 23.38 ,0.26%
11/30/2023, 152.90 , 155.00 , 155.40 , 151.50 , 18.84 ,-1.29%
11/29/2023, 154.90 , 156.90 , 158.10 , 154.90 , 25.00 ,-0.71%
11/28/2023, 156.00 , 156.00 , 157.00 , 153.80 , 25.67 ,0.00%
11/27/2023, 156.00 , 150.80 , 156.50 , 150.80 , 25.69 ,3.65%
11/24/2023, 150.50 , 150.00 , 151.60 , 148.80 , 23.68 ,0.40%
11/23/2023, 149.90 , 155.60 , 156.70 , 149.90 , 30.33 ,-3.66%
11/22/2023, 155.60 , 154.60 , 158.10 , 154.00 , 39.78 ,0.71%
11/21/2023, 154.50 , 154.10 , 155.70 , 153.70 , 23.01 ,0.59%
11/20/2023, 153.60 , 154.70 , 156.80 , 153.20 , 23.08 ,0.07%
11/17/2023, 153.50 , 154.30 , 154.80 , 152.40 , 22.03 ,-0.39%
11/16/2023, 154.10 , 151.00 , 155.80 , 150.70 , 29.47 ,1.58%
11/15/2023, 151.70 , 153.00 , 154.00 , 150.50 , 20.40 ,-0.33%
11/14/2023, 152.20 , 147.40 , 152.20 , 146.20 , 27.94 ,3.54%
11/13/2023, 147.00 , 149.80 , 150.80 , 147.00 , 24.82 ,-1.87%
11/10/2023, 149.80 , 150.80 , 152.50 , 149.40 , 20.93 ,-0.53%
11/9/2023, 150.60 , 148.90 , 151.70 , 147.90 , 21.47 ,0.20%
11/8/2023, 150.30 , 149.60 , 151.30 , 148.40 , 31.73 ,0.87%
11/7/2023, 149.00 , 152.80 , 153.80 , 148.20 , 29.78 ,-2.74%
11/6/2023, 153.20 , 150.70 , 154.80 , 150.60 , 37.49 ,2.41%
11/3/2023, 149.60 , 147.50 , 151.20 , 146.70 , 47.26 ,1.42%
11/2/2023, 147.50 , 145.90 , 147.90 , 143.60 , 35.55 ,1.72%
11/1/2023, 145.00 , 142.80 , 146.20 , 140.70 , 47.05 ,2.18%
10/31/2023, 141.90 , 141.70 , 145.30 , 140.10 , 45.64 ,0.35%
10/30/2023, 141.40 , 138.40 , 143.40 , 137.70 , 39.37 ,2.02%
10/27/2023, 138.60 , 135.90 , 139.30 , 133.50 , 33.94 ,1.99%
10/26/2023, 135.90 , 132.90 , 138.60 , 130.80 , 54.12 ,5.76%
10/25/2023, 128.50 , 138.10 , 140.60 , 128.10 , 33.51 ,-6.20%
10/24/2023, 137.00 , 135.50 , 137.60 , 134.10 , 28.36 ,1.26%
10/23/2023, 135.30 , 131.00 , 136.00 , 130.20 , 34.74 ,4.64%
10/20/2023, 129.30 , 132.50 , 133.50 , 129.10 , 38.48 ,-3.07%
10/19/2023, 133.40 , 140.90 , 141.60 , 133.40 , 41.33 ,-5.52%
10/18/2023, 141.20 , 140.90 , 141.80 , 139.10 , 42.21 ,-2.22%
10/17/2023, 144.40 , 141.00 , 144.60 , 138.00 , 31.08 ,2.78%
10/16/2023, 140.50 , 147.80 , 150.00 , 140.50 , 34.58 ,-4.10%
10/13/2023, 146.50 , 146.60 , 148.80 , 145.10 , 31.51 ,-0.48%
10/12/2023, 147.20 , 145.60 , 149.20 , 142.00 , 44.46 ,1.94%
10/11/2023, 144.40 , 147.80 , 148.80 , 144.10 , 26.38 ,-2.17%
10/10/2023, 147.60 , 149.50 , 151.10 , 147.60 , 31.69 ,-0.20%
10/9/2023, 147.90 , 147.00 , 151.30 , 145.00 , 48.14 ,0.14%
10/6/2023, 147.70 , 149.00 , 150.80 , 147.40 , 27.83 ,-2.25%
10/5/2023, 151.10 , 148.10 , 152.60 , 145.10 , 47.96 ,2.23%
10/4/2023, 147.80 , 154.90 , 154.90 , 147.20 , 46.18 ,-4.65%
10/3/2023, 155.00 , 157.40 , 157.90 , 154.10 , 30.05 ,-1.46%
10/2/2023, 157.30 , 159.10 , 161.10 , 156.60 , 31.79 ,-1.07%
9/29/2023, 159.00 , 158.10 , 161.30 , 154.10 , 41.37 ,1.62%
9/28/2023, 156.47 , 156.28 , 159.43 , 154.28 , 39.18 ,0.18%
9/27/2023, 156.19 , 162.10 , 164.20 , 154.95 , 51.75 ,-3.53%
9/26/2023, 161.91 , 159.34 , 166.21 , 159.05 , 63.04 ,2.23%
9/25/2023, 158.38 , 150.08 , 159.62 , 150.08 , 60.01 ,7.72%
9/22/2023, 147.03 , 141.21 , 149.70 , 140.73 , 65.00 ,4.26%
9/21/2023, 141.02 , 134.05 , 141.02 , 132.34 , 52.22 ,4.60%
9/20/2023, 134.82 , 138.35 , 138.82 , 133.19 , 27.67 ,-2.48%
9/19/2023, 138.25 , 132.14 , 139.21 , 131.19 , 44.90 ,4.62%
9/18/2023, 132.14 , 134.53 , 136.06 , 130.05 , 31.21 ,-2.13%
9/15/2023, 135.01 , 137.87 , 138.44 , 134.24 , 29.48 ,-2.07%
9/14/2023, 137.87 , 134.63 , 137.87 , 131.10 , 39.17 ,2.48%
9/13/2023, 134.53 , 136.34 , 138.16 , 133.58 , 26.30 ,-0.99%
9/12/2023, 135.87 , 133.86 , 138.25 , 133.00 , 34.95 ,1.57%
9/11/2023, 133.77 , 137.68 , 138.44 , 132.72 , 22.96 ,-2.50%
9/8/2023, 137.20 , 138.16 , 139.68 , 137.20 , 23.31 ,-0.69%
9/7/2023, 138.16 , 137.39 , 138.73 , 136.25 , 25.82 ,0.56%
9/6/2023, 137.39 , 141.40 , 141.78 , 136.82 , 31.59 ,-1.91%
9/5/2023, 140.06 , 138.35 , 140.06 , 135.77 , 31.44 ,1.31%
9/4/2023, 138.25 , 137.58 , 142.26 , 136.92 , 58.18 ,1.54%
9/1/2023, 136.15 , 136.63 , 137.96 , 134.91 , 45.08 ,1.13%
8/31/2023, 134.63 , 136.44 , 138.92 , 134.63 , 48.24 ,-0.77%
8/29/2023, 135.67 , 139.30 , 141.11 , 134.34 , 55.03 ,-3.13%
8/28/2023, 140.06 , 129.47 , 140.06 , 129.47 , 68.56 ,9.96%
8/25/2023, 127.37 , 121.65 , 127.66 , 118.31 , 52.47 ,5.12%
8/24/2023, 121.17 , 124.70 , 129.28 , 120.12 , 69.07 ,-1.93%
8/23/2023, 123.56 , 133.38 , 133.48 , 123.08 , 76.48 ,-6.83%
8/22/2023, 132.62 , 134.15 , 142.64 , 132.62 , 95.81 ,-0.50%
8/21/2023, 133.29 , 121.55 , 133.29 , 121.55 , 80.57 ,10.00%
8/18/2023, 121.17 , 119.65 , 126.90 , 118.79 , 95.84 ,3.25%
8/17/2023, 117.36 , 113.73 , 117.64 , 112.78 , 50.37 ,3.19%
8/16/2023, 113.73 , 109.15 , 115.73 , 108.20 , 72.19 ,4.20%
8/15/2023, 109.15 , 109.72 , 110.49 , 106.77 , 39.73 ,-0.52%
8/14/2023, 109.72 , 106.38 , 111.15 , 106.38 , 58.65 ,3.60%
8/11/2023, 105.91 , 100.09 , 106.19 , 98.18 , 51.20 ,5.92%
8/10/2023, 99.99 , 102.09 , 104.28 , 98.85 , 52.38 ,-2.06%
8/9/2023, 102.09 , 97.41 , 102.47 , 96.37 , 53.73 ,5.11%
8/8/2023, 97.13 , 99.80 , 99.90 , 96.65 , 23.35 ,-2.20%
8/7/2023, 99.32 , 99.32 , 101.61 , 98.75 , 32.82 ,0.38%
8/4/2023, 98.94 , 95.32 , 99.42 , 94.22 , 39.05 ,4.22%
8/3/2023, 94.93 , 97.41 , 98.18 , 94.60 , 28.62 ,-2.27%
8/2/2023, 97.13 , 96.65 , 98.37 , 96.56 , 26.42 ,0.50%
8/1/2023, 96.65 , 98.75 , 99.42 , 95.98 , 40.85 ,-2.04%
7/31/2023, 98.66 , 95.41 , 99.90 , 95.41 , 43.99 ,4.56%
7/28/2023, 94.36 , 92.84 , 94.93 , 92.07 , 44.50 ,2.43%
7/27/2023, 92.12 , 89.88 , 92.12 , 89.50 , 52.21 ,3.48%
7/26/2023, 89.02 , 89.50 , 89.97 , 87.59 , 41.48 ,-0.16%
7/25/2023, 89.16 , 87.78 , 89.97 , 87.30 , 59.73 ,1.73%
7/24/2023, 87.64 , 87.92 , 90.40 , 86.63 , 60.37 ,0.49%
7/21/2023, 87.21 , 87.30 , 88.92 , 86.11 , 51.29 ,0.45%
7/20/2023, 86.82 , 85.87 , 86.82 , 84.53 , 41.04 ,1.72%
7/19/2023, 85.35 , 82.53 , 85.35 , 81.10 , 23.65 ,3.42%
7/18/2023, 82.53 , 85.97 , 86.39 , 82.39 , 29.88 ,-4.00%
7/17/2023, 85.97 , 85.39 , 87.35 , 85.30 , 32.76 ,1.70%
7/14/2023, 84.53 , 85.49 , 85.73 , 83.39 , 27.11 ,-0.51%
7/13/2023, 84.96 , 86.25 , 87.87 , 84.73 , 38.67 ,-1.71%
7/12/2023, 86.44 , 86.59 , 87.06 , 85.39 , 27.08 ,-0.06%
7/11/2023, 86.49 , 87.11 , 87.83 , 85.15 , 29.80 ,0.12%
7/10/2023, 86.39 , 87.30 , 89.30 , 85.49 , 36.85 ,-0.28%
7/7/2023, 86.63 , 84.01 , 87.11 , 83.63 , 40.85 ,3.12%
7/6/2023, 84.01 , 80.81 , 84.77 , 80.81 , 54.87 ,4.01%
7/5/2023, 80.77 , 80.15 , 81.39 , 77.86 , 43.07 ,0.77%
7/4/2023, 80.15 , 81.53 , 81.77 , 79.67 , 32.42 ,-1.17%
7/3/2023, 81.10 , 76.90 , 81.39 , 76.90 , 51.18 ,7.19%
6/27/2023, 75.66 , 75.52 , 76.00 , 75.09 , 10.09 ,0.38%
6/26/2023, 75.37 , 74.33 , 76.28 , 74.13 , 36.87 ,2.92%
6/23/2023, 73.23 , 72.23 , 73.61 , 71.65 , 32.46 ,2.13%
6/22/2023, 71.70 , 69.03 , 72.04 , 68.31 , 38.45 ,3.87%
6/21/2023, 69.03 , 69.94 , 70.89 , 68.55 , 20.62 ,-0.89%
6/20/2023, 69.65 , 68.51 , 70.75 , 68.12 , 25.85 ,1.53%
6/19/2023, 68.60 , 69.70 , 70.80 , 68.51 , 25.30 ,-1.58%
6/16/2023, 69.70 , 71.22 , 72.32 , 69.70 , 24.60 ,-1.82%
6/15/2023, 70.99 , 69.32 , 70.99 , 68.89 , 24.29 ,3.33%
6/14/2023, 68.70 , 70.60 , 71.56 , 68.31 , 24.68 ,-2.69%
6/13/2023, 70.60 , 73.94 , 74.18 , 70.27 , 27.85 ,-4.15%
6/12/2023, 73.66 , 74.52 , 75.47 , 73.42 , 32.63 ,-0.38%
6/9/2023, 73.94 , 74.42 , 74.80 , 73.04 , 27.76 ,-0.20%
6/8/2023, 74.09 , 73.80 , 75.09 , 72.23 , 34.93 ,0.26%
6/7/2023, 73.90 , 71.56 , 74.80 , 71.32 , 47.02 ,5.66%
6/6/2023, 69.94 , 69.89 , 70.84 , 68.55 , 33.64 ,0.27%
6/5/2023, 69.75 , 67.74 , 70.89 , 67.31 , 47.68 ,4.97%
6/2/2023, 66.45 , 66.22 , 66.88 , 65.21 , 27.15 ,2.94%
6/1/2023, 64.55 , 64.59 , 65.60 , 64.26 , 17.74 ,0.97%
5/31/2023, 63.93 , 66.50 , 67.07 , 63.93 , 31.13 ,-3.59%
5/30/2023, 66.31 , 65.93 , 67.41 , 65.74 , 28.20 ,1.91%
5/29/2023, 65.07 , 63.40 , 66.12 , 63.02 , 21.29 ,3.80%
5/26/2023, 62.69 , 61.11 , 63.26 , 60.59 , 18.08 ,2.82%
5/25/2023, 60.97 , 61.54 , 62.02 , 60.68 , 11.46 ,-0.76%
5/24/2023, 61.44 , 62.78 , 63.59 , 61.02 , 13.36 ,-1.84%
5/23/2023, 62.59 , 61.06 , 62.69 , 60.30 , 16.37 ,2.51%
5/22/2023, 61.06 , 62.78 , 62.97 , 60.40 , 17.27 ,-2.37%
5/18/2023, 62.54 , 64.98 , 65.31 , 62.11 , 14.91 ,-3.76%
5/17/2023, 64.98 , 63.64 , 65.55 , 63.40 , 21.79 ,2.27%
5/16/2023, 63.54 , 61.35 , 63.54 , 61.25 , 24.04 ,3.74%
5/15/2023, 61.25 , 62.02 , 65.88 , 60.97 , 34.86 ,-9.58%
5/12/2023, 67.74 , 68.46 , 71.75 , 66.50 , 44.79 ,-0.70%
5/11/2023, 68.22 , 61.92 , 68.22 , 61.87 , 54.58 ,10.00%
5/10/2023, 62.02 , 62.30 , 63.40 , 61.73 , 19.60 ,-0.31%
5/9/2023, 62.21 , 63.69 , 64.31 , 61.83 , 22.39 ,-2.32%
5/8/2023, 63.69 , 62.16 , 64.45 , 61.16 , 19.43 ,2.86%
5/5/2023, 61.92 , 63.83 , 64.16 , 61.02 , 19.56 ,-2.78%
5/4/2023, 63.69 , 65.55 , 67.03 , 62.97 , 32.16 ,-3.25%
5/3/2023, 65.83 , 62.26 , 65.83 , 61.30 , 38.03 ,5.58%
5/2/2023, 62.35 , 63.35 , 64.64 , 61.83 , 24.24 ,-1.44%
4/28/2023, 63.26 , 66.74 , 67.69 , 62.49 , 24.59 ,-4.25%
4/27/2023, 66.07 , 66.22 , 66.98 , 65.55 , 17.67 ,-0.23%
4/26/2023, 66.22 , 68.17 , 69.60 , 65.60 , 21.73 ,-3.61%
4/25/2023, 68.70 , 70.22 , 70.65 , 68.22 , 14.43 ,-2.11%
4/24/2023, 70.18 , 70.94 , 71.61 , 69.41 , 14.29 ,-0.47%
4/20/2023, 70.51 , 71.84 , 71.84 , 70.37 , 5.58 ,-1.92%
4/19/2023, 71.89 , 70.18 , 72.32 , 70.13 , 18.71 ,2.58%
4/18/2023, 70.08 , 71.22 , 72.37 , 69.84 , 16.76 ,-1.48%
4/17/2023, 71.13 , 73.18 , 73.32 , 70.94 , 16.17 ,-2.55%
4/14/2023, 72.99 , 74.23 , 75.04 , 72.99 , 13.49 ,-1.54%
4/13/2023, 74.13 , 74.61 , 75.52 , 74.13 , 17.67 ,-0.52%
4/12/2023, 74.52 , 74.71 , 75.47 , 74.52 , 16.92 ,-0.25%
4/11/2023, 74.71 , 75.57 , 76.33 , 73.99 , 18.01 ,-0.63%
4/10/2023, 75.18 , 73.47 , 75.33 , 73.47 , 16.04 ,2.66%
4/7/2023, 73.23 , 74.09 , 74.90 , 72.99 , 18.28 ,-1.09%
4/6/2023, 74.04 , 75.80 , 76.66 , 73.66 , 24.19 ,-2.32%
4/5/2023, 75.80 , 78.43 , 80.00 , 75.61 , 26.69 ,-3.17%
4/4/2023, 78.28 , 75.85 , 80.29 , 75.76 , 35.90 ,1.75%
4/3/2023, 76.93 , 73.94 , 77.60 , 72.72 , 50.74 ,6.48%
3/31/2023, 72.25 , 73.44 , 74.46 , 71.94 , 32.86 ,-1.66%
3/30/2023, 73.47 , 73.19 , 74.99 , 72.38 , 28.26 ,0.46%
3/29/2023, 73.13 , 69.85 , 73.55 , 69.13 , 34.13 ,4.71%
3/28/2023, 69.84 , 71.56 , 72.13 , 69.84 , 28.56 ,-2.20%
3/27/2023, 71.41 , 73.17 , 73.40 , 71.41 , 16.44 ,-1.86%
3/24/2023, 72.76 , 74.52 , 74.97 , 72.46 , 20.35 ,-2.36%
3/23/2023, 74.52 , 74.52 , 75.16 , 73.64 , 18.51 ,-0.32%
3/22/2023, 74.76 , 72.65 , 75.03 , 72.24 , 26.00 ,3.27%
3/21/2023, 72.39 , 72.72 , 73.86 , 71.63 , 29.03 ,-0.41%
3/20/2023, 72.69 , 75.63 , 75.65 , 72.51 , 30.97 ,-3.96%
3/17/2023, 75.69 , 78.95 , 79.19 , 75.69 , 29.16 ,-3.46%
3/16/2023, 78.40 , 77.87 , 78.71 , 76.47 , 34.47 ,1.46%
3/15/2023, 77.27 , 75.78 , 80.31 , 75.78 , 56.48 ,2.11%
3/14/2023, 75.67 , 78.29 , 78.52 , 75.67 , 25.73 ,-3.28%
3/13/2023, 78.24 , 79.64 , 80.05 , 77.51 , 25.08 ,-1.75%
3/10/2023, 79.63 , 82.03 , 83.02 , 79.33 , 33.44 ,-1.58%
3/9/2023, 80.91 , 81.69 , 82.26 , 80.84 , 28.93 ,-0.77%
3/8/2023, 81.54 , 81.67 , 82.16 , 80.97 , 31.42 ,-0.29%
3/7/2023, 81.78 , 79.26 , 81.92 , 79.24 , 50.96 ,3.77%
3/6/2023, 78.81 , 77.87 , 80.34 , 77.12 , 52.61 ,1.95%
3/3/2023, 77.30 , 76.30 , 78.07 , 74.54 , 51.84 ,1.31%
3/2/2023, 76.30 , 76.10 , 77.63 , 75.99 , 27.84 ,0.47%
3/1/2023, 75.94 , 75.34 , 76.50 , 75.34 , 30.95 ,1.12%
2/28/2023, 75.10 , 76.31 , 77.63 , 74.60 , 40.04 ,-1.15%
2/27/2023, 75.97 , 75.92 , 76.32 , 73.46 , 39.99 ,0.07%
2/24/2023, 75.92 , 74.32 , 76.39 , 74.07 , 45.43 ,2.24%
2/23/2023, 74.26 , 74.45 , 75.64 , 73.68 , 27.23 ,-0.08%
2/22/2023, 74.32 , 76.41 , 76.65 , 74.20 , 33.44 ,-2.82%
2/21/2023, 76.48 , 77.73 , 78.49 , 76.48 , 42.24 ,-1.99%
2/20/2023, 78.03 , 79.02 , 79.70 , 77.08 , 40.04 ,-1.24%
2/17/2023, 79.01 , 78.50 , 80.54 , 77.49 , 45.57 ,-1.01%
2/16/2023, 79.82 , 80.06 , 80.06 , 77.55 , 76.33 ,9.66%
2/15/2023, 72.79 , 72.79 , 72.79 , 72.79 , 4.08 ,9.99%
2/7/2023, 66.18 , 73.01 , 73.01 , 65.98 , 43.69 ,-9.71%
2/6/2023, 73.30 , 73.44 , 75.59 , 70.78 , 14.83 ,-3.35%
2/3/2023, 75.84 , 70.02 , 75.91 , 69.68 , 49.81 ,8.58%
2/2/2023, 69.85 , 71.28 , 73.36 , 65.09 , 98.56 ,-1.96%
2/1/2023, 71.25 , 75.10 , 76.15 , 71.25 , 51.91 ,-4.85%
1/31/2023, 74.88 , 76.39 , 77.43 , 74.58 , 62.12 ,-2.13%
1/30/2023, 76.51 , 80.38 , 80.97 , 76.49 , 52.88 ,-4.79%
1/27/2023, 80.36 , 77.49 , 80.64 , 75.96 , 90.85 ,3.17%
1/26/2023, 77.89 , 79.54 , 79.58 , 77.62 , 39.35 ,-1.89%
1/25/2023, 79.39 , 79.77 , 80.26 , 76.04 , 75.85 ,0.79%
1/24/2023, 78.77 , 77.43 , 79.34 , 76.73 , 68.27 ,2.07%
1/23/2023, 77.17 , 76.10 , 79.51 , 76.10 , 63.34 ,2.32%
1/20/2023, 75.42 , 74.32 , 76.16 , 74.10 , 42.36 ,1.97%
1/19/2023, 73.96 , 74.15 , 75.17 , 73.25 , 45.62 ,-0.32%
1/18/2023, 74.20 , 72.30 , 75.11 , 72.17 , 62.19 ,2.88%
1/17/2023, 72.12 , 68.50 , 72.59 , 68.07 , 78.75 ,5.42%
1/16/2023, 68.41 , 64.88 , 68.44 , 64.00 , 60.45 ,5.90%
1/13/2023, 64.60 , 65.07 , 66.21 , 64.07 , 48.59 ,-0.75%
1/12/2023, 65.09 , 62.03 , 65.38 , 59.52 , 71.93 ,8.68%
1/11/2023, 59.89 , 60.46 , 62.45 , 59.74 , 65.98 ,-0.48%
1/10/2023, 60.18 , 63.05 , 63.07 , 59.90 , 40.77 ,-5.09%
1/9/2023, 63.41 , 64.95 , 65.24 , 62.69 , 47.55 ,-1.48%
1/6/2023, 64.36 , 61.78 , 65.08 , 60.80 , 59.13 ,4.13%
1/5/2023, 61.81 , 65.17 , 65.38 , 61.81 , 51.68 ,-4.75%
1/4/2023, 64.89 , 66.47 , 66.81 , 64.41 , 46.87 ,-2.29%
1/3/2023, 66.41 , 68.37 , 69.32 , 66.41 , 60.28 ,-1.92%
1/2/2023, 67.71 , 67.61 , 68.31 , 66.97 , 46.62 ,0.92%
12/30/2022, 67.09 , 64.83 , 68.60 , 64.83 , 72.91 ,4.62%
12/29/2022, 64.13 , 64.21 , 64.76 , 63.57 , 34.21 ,-0.12%
12/28/2022, 64.21 , 64.32 , 65.03 , 62.90 , 46.13 ,0.16%
12/27/2022, 64.11 , 63.31 , 65.17 , 63.29 , 38.11 ,-0.48%
12/26/2022, 64.42 , 64.27 , 65.33 , 63.98 , 50.48 ,3.62%
12/23/2022, 62.17 , 60.18 , 62.54 , 59.53 , 46.57 ,3.36%
12/22/2022, 60.15 , 60.65 , 61.34 , 59.89 , 30.50 ,-0.50%
12/21/2022, 60.45 , 61.16 , 61.51 , 60.21 , 41.92 ,0.90%
12/20/2022, 59.91 , 59.57 , 60.29 , 58.90 , 48.62 ,0.89%
12/19/2022, 59.38 , 57.56 , 59.55 , 57.56 , 45.71 ,3.94%
12/16/2022, 57.13 , 57.93 , 58.41 , 57.04 , 34.39 ,-1.35%
12/15/2022, 57.91 , 58.26 , 59.21 , 56.34 , 41.81 ,1.17%
12/14/2022, 57.24 , 60.21 , 60.48 , 57.20 , 49.78 ,-4.04%
12/13/2022, 59.65 , 58.56 , 60.02 , 58.51 , 42.73 ,3.78%
12/12/2022, 57.48 , 55.46 , 58.13 , 55.27 , 60.49 ,3.79%
12/9/2022, 55.38 , 55.43 , 55.77 , 54.57 , 65.17 ,0.09%
12/8/2022, 55.33 , 58.27 , 58.67 , 54.10 , 88.93 ,-5.00%
12/7/2022, 58.24 , 61.13 , 61.16 , 58.08 , 46.39 ,-4.65%
12/6/2022, 61.08 , 60.64 , 61.75 , 60.64 , 49.89 ,1.95%
12/5/2022, 59.91 , 61.28 , 61.91 , 59.85 , 47.61 ,-1.64%
12/2/2022, 60.91 , 61.53 , 61.89 , 60.47 , 39.87 ,-0.81%
12/1/2022, 61.41 , 61.47 , 62.36 , 60.99 , 53.91 ,0.77%
11/30/2022, 60.94 , 61.41 , 61.72 , 60.71 , 52.15 ,-0.77%
11/29/2022, 61.41 , 60.08 , 61.45 , 59.09 , 52.65 ,3.02%
11/28/2022, 59.61 , 60.03 , 61.19 , 59.61 , 47.31 ,-0.62%
11/25/2022, 59.98 , 59.22 , 60.29 , 58.98 , 38.85 ,1.28%
11/24/2022, 59.22 , 59.93 , 60.64 , 58.31 , 46.17 ,-0.72%
11/23/2022, 59.65 , 59.81 , 61.13 , 58.94 , 56.78 ,0.02%
11/22/2022, 59.64 , 56.34 , 59.79 , 56.26 , 68.75 ,8.83%
11/21/2022, 54.80 , 53.98 , 55.37 , 53.98 , 40.57 ,1.69%
11/18/2022, 53.89 , 53.34 , 55.20 , 53.32 , 39.88 ,1.34%
11/17/2022, 53.18 , 54.53 , 54.62 , 52.20 , 46.42 ,-1.95%
11/16/2022, 54.24 , 55.43 , 55.84 , 54.15 , 51.24 ,-2.08%
11/15/2022, 55.39 , 55.71 , 56.13 , 54.71 , 57.32 ,1.84%
11/14/2022, 54.39 , 54.44 , 55.00 , 53.99 , 35.80 ,-0.17%
11/11/2022, 54.48 , 55.77 , 56.07 , 53.94 , 57.76 ,-0.78%
11/10/2022, 54.91 , 54.53 , 55.55 , 54.05 , 48.01 ,0.66%
11/9/2022, 54.55 , 55.98 , 56.46 , 54.42 , 48.04 ,-2.52%
11/8/2022, 55.96 , 57.04 , 58.12 , 55.69 , 73.83 ,-1.34%
11/7/2022, 56.72 , 54.79 , 57.26 , 53.84 , 86.24 ,4.61%
11/4/2022, 54.22 , 51.84 , 54.87 , 51.67 , 70.64 ,5.08%
11/3/2022, 51.60 , 52.55 , 52.90 , 50.85 , 91.81 ,3.18%
11/2/2022, 50.01 , 49.70 , 50.58 , 49.51 , 48.36 ,1.28%
11/1/2022, 49.38 , 48.38 , 49.60 , 48.30 , 44.92 ,2.90%
10/31/2022, 47.99 , 46.85 , 48.19 , 46.48 , 43.56 ,3.67%
10/28/2022, 46.29 , 47.10 , 47.20 , 45.81 , 24.22 ,-1.93%
10/27/2022, 47.20 , 46.91 , 47.72 , 46.25 , 51.87 ,1.33%
10/26/2022, 46.58 , 47.71 , 48.14 , 46.34 , 51.65 ,-1.77%
10/25/2022, 47.42 , 48.14 , 48.67 , 47.42 , 39.14 ,-1.76%
10/24/2022, 48.27 , 48.81 , 49.15 , 47.80 , 48.78 ,0.33%
10/21/2022, 48.11 , 46.85 , 48.58 , 46.81 , 61.82 ,3.20%
10/20/2022, 46.62 , 45.83 , 47.10 , 45.51 , 78.99 ,2.28%
10/19/2022, 45.58 , 45.52 , 46.51 , 45.04 , 70.52 ,0.33%
10/18/2022, 45.43 , 46.59 , 47.33 , 44.77 , 67.33 ,-1.84%
10/17/2022, 46.28 , 43.49 , 46.28 , 43.44 , 72.40 ,9.41%
10/14/2022, 42.30 , 42.56 , 42.97 , 42.10 , 35.93 ,1.05%
10/13/2022, 41.86 , 42.67 , 42.87 , 41.58 , 30.90 ,-1.90%
10/12/2022, 42.67 , 43.50 , 43.63 , 42.42 , 26.27 ,-1.89%
10/11/2022, 43.49 , 43.68 , 44.11 , 43.13 , 22.67 ,-0.43%
10/10/2022, 43.68 , 44.19 , 44.57 , 43.63 , 21.05 ,-0.41%
10/7/2022, 43.86 , 43.94 , 44.34 , 43.54 , 23.42 ,-0.18%
10/6/2022, 43.94 , 43.81 , 44.76 , 43.73 , 38.15 ,2.21%
10/5/2022, 42.99 , 42.48 , 43.61 , 41.66 , 57.37 ,1.20%
10/4/2022, 42.48 , 41.40 , 43.20 , 41.25 , 44.22 ,5.33%
10/3/2022, 40.33 , 37.47 , 40.33 , 37.43 , 51.59 ,9.98%
9/30/2022, 36.67 , 37.55 , 37.87 , 36.39 , 35.66 ,-1.98%
9/29/2022, 37.41 , 37.49 , 38.44 , 36.25 , 43.23 ,0.32%
9/28/2022, 37.29 , 37.16 , 38.25 , 37.07 , 35.97 ,-0.16%
9/27/2022, 37.35 , 38.33 , 38.62 , 37.25 , 31.50 ,-1.89%
9/26/2022, 38.07 , 38.90 , 39.02 , 37.05 , 34.41 ,-2.18%
9/23/2022, 38.92 , 40.33 , 40.48 , 38.81 , 25.36 ,-3.45%
9/22/2022, 40.31 , 38.78 , 40.78 , 38.59 , 37.45 ,3.95%
9/21/2022, 38.78 , 39.12 , 40.38 , 38.55 , 32.87 ,-0.08%
9/20/2022, 38.81 , 39.57 , 40.62 , 38.26 , 40.43 ,-1.60%
9/19/2022, 39.44 , 42.29 , 42.57 , 39.44 , 23.85 ,-6.41%
9/16/2022, 42.14 , 42.54 , 43.43 , 42.14 , 29.76 ,-0.66%
9/15/2022, 42.42 , 43.24 , 44.24 , 42.42 , 35.54 ,-1.67%
9/14/2022, 43.14 , 41.72 , 43.18 , 40.17 , 35.30 ,3.43%
9/13/2022, 41.71 , 43.33 , 43.87 , 41.61 , 58.90 ,-2.27%
9/12/2022, 42.68 , 42.68 , 43.29 , 42.25 , 49.33 ,0.54%
9/9/2022, 42.45 , 42.86 , 43.34 , 42.35 , 30.93 ,-0.07%
9/8/2022, 42.48 , 43.21 , 43.90 , 42.31 , 40.88 ,-0.93%
9/7/2022, 42.88 , 42.50 , 43.15 , 41.57 , 42.17 ,0.85%
9/6/2022, 42.52 , 43.05 , 43.97 , 42.42 , 54.13 ,-0.49%
9/5/2022, 42.73 , 42.80 , 43.40 , 42.37 , 50.83 ,0.21%
9/2/2022, 42.64 , 43.20 , 43.88 , 42.62 , 34.76 ,-0.63%
9/1/2022, 42.91 , 45.13 , 45.13 , 42.91 , 45.94 ,-5.67%
8/31/2022, 45.49 , 45.96 , 46.09 , 44.82 , 38.74 ,-0.50%
8/29/2022, 45.72 , 43.30 , 46.05 , 43.11 , 43.69 ,5.06%
8/26/2022, 43.52 , 44.30 , 44.78 , 43.09 , 35.03 ,-1.40%
8/25/2022, 44.14 , 43.49 , 44.54 , 43.25 , 33.60 ,2.22%
8/24/2022, 43.18 , 43.37 , 44.26 , 42.77 , 41.89 ,0.05%
8/23/2022, 43.16 , 40.92 , 43.23 , 40.88 , 45.03 ,5.47%
8/22/2022, 40.92 , 40.55 , 41.96 , 40.15 , 45.83 ,-1.14%
8/19/2022, 41.39 , 41.67 , 43.09 , 41.28 , 62.91 ,-0.65%
8/18/2022, 41.66 , 38.73 , 41.83 , 38.58 , 68.94 ,7.70%
8/17/2022, 38.68 , 38.15 , 38.83 , 37.68 , 53.17 ,1.87%
8/16/2022, 37.97 , 37.98 , 38.24 , 36.53 , 111.10 ,4.31%
8/15/2022, 36.40 , 37.48 , 37.60 , 35.84 , 27.12 ,-2.07%
8/12/2022, 37.17 , 37.30 , 37.48 , 36.87 , 25.37 ,0.54%
8/11/2022, 36.97 , 36.35 , 37.77 , 36.34 , 41.75 ,2.69%
8/10/2022, 36.00 , 36.09 , 36.36 , 35.82 , 23.60 ,-0.14%
8/9/2022, 36.05 , 34.72 , 36.09 , 34.62 , 46.80 ,4.10%
8/8/2022, 34.63 , 34.33 , 34.81 , 34.27 , 26.54 ,1.67%
8/5/2022, 34.06 , 34.38 , 34.48 , 33.64 , 23.50 ,-0.53%
8/4/2022, 34.24 , 34.82 , 35.06 , 34.24 , 24.99 ,-0.95%
8/3/2022, 34.57 , 34.57 , 34.79 , 34.38 , 18.69 ,0.82%
8/2/2022, 34.29 , 34.63 , 34.92 , 34.00 , 27.35 ,-0.81%
8/1/2022, 34.57 , 34.02 , 34.82 , 33.81 , 29.95 ,1.74%
7/29/2022, 33.98 , 32.60 , 33.98 , 32.41 , 33.81 ,4.30%
7/28/2022, 32.58 , 32.92 , 33.34 , 32.54 , 24.77 ,-0.03%
7/27/2022, 32.59 , 32.84 , 32.98 , 32.32 , 18.60 ,-0.15%
7/26/2022, 32.64 , 32.43 , 33.51 , 32.41 , 21.30 ,1.90%
7/25/2022, 32.03 , 31.34 , 32.07 , 31.30 , 12.75 ,1.97%
7/22/2022, 31.41 , 31.91 , 32.20 , 31.24 , 18.29 ,-0.41%
7/21/2022, 31.54 , 32.29 , 32.41 , 31.44 , 22.41 ,-2.11%
7/20/2022, 32.22 , 30.98 , 32.22 , 30.72 , 24.61 ,4.04%
7/19/2022, 30.97 , 30.64 , 31.70 , 30.46 , 27.70 ,0.45%
7/18/2022, 30.83 , 29.63 , 30.83 , 29.53 , 25.91 ,6.90%
7/14/2022, 28.84 , 29.54 , 29.79 , 28.83 , 18.47 ,-2.34%
7/13/2022, 29.53 , 30.37 , 30.37 , 29.25 , 23.38 ,-4.06%
7/8/2022, 30.78 , 30.86 , 31.19 , 30.68 , 6.83 ,-0.61%
7/7/2022, 30.97 , 31.15 , 31.27 , 30.17 , 36.19 ,-0.10%
7/6/2022, 31.00 , 32.31 , 32.39 , 30.72 , 35.04 ,-4.05%
7/5/2022, 32.31 , 33.58 , 33.76 , 32.06 , 18.21 ,-3.52%
7/4/2022, 33.49 , 34.19 , 34.78 , 33.48 , 26.27 ,-1.50%
7/1/2022, 34.00 , 33.49 , 34.69 , 33.35 , 27.96 ,1.52%
6/30/2022, 33.49 , 33.22 , 33.77 , 32.59 , 30.55 ,0.84%
6/29/2022, 33.21 , 33.64 , 34.38 , 32.97 , 24.57 ,-1.83%
6/28/2022, 33.83 , 34.81 , 35.31 , 33.41 , 28.77 ,-2.08%
6/27/2022, 34.55 , 32.87 , 34.60 , 32.73 , 25.76 ,2.25%
6/24/2022, 33.79 , 33.88 , 34.22 , 33.49 , 17.39 ,0.09%
6/23/2022, 33.76 , 33.76 , 34.49 , 33.55 , 24.47 ,0.06%
6/22/2022, 33.74 , 33.54 , 33.87 , 33.10 , 19.16 ,-0.30%
6/21/2022, 33.84 , 33.25 , 34.06 , 33.00 , 22.49 ,2.64%
6/20/2022, 32.97 , 34.11 , 34.29 , 32.55 , 33.73 ,-2.97%
6/17/2022, 33.98 , 33.41 , 34.43 , 33.34 , 20.79 ,1.74%
6/16/2022, 33.40 , 33.91 , 34.22 , 33.01 , 16.00 ,-1.36%
6/15/2022, 33.86 , 34.24 , 34.39 , 33.76 , 13.42 ,-1.11%
6/14/2022, 34.24 , 34.60 , 34.65 , 33.43 , 18.13 ,-0.44%
6/13/2022, 34.39 , 33.98 , 34.68 , 33.87 , 17.71 ,0.97%
6/10/2022, 34.06 , 34.95 , 35.39 , 34.00 , 18.08 ,-3.49%
6/9/2022, 35.29 , 34.40 , 35.29 , 34.25 , 26.44 ,2.77%
6/8/2022, 34.34 , 36.48 , 37.30 , 34.19 , 29.99 ,-5.30%
6/7/2022, 36.26 , 35.77 , 36.28 , 35.27 , 21.62 ,1.74%
6/6/2022, 35.64 , 34.95 , 36.02 , 34.95 , 25.77 ,2.62%
6/3/2022, 34.73 , 34.44 , 35.01 , 34.40 , 27.91 ,1.22%
6/2/2022, 34.31 , 34.44 , 34.53 , 33.97 , 24.24 ,-0.15%
6/1/2022, 34.36 , 34.69 , 35.14 , 34.25 , 30.07 ,0.09%
5/31/2022, 34.33 , 33.93 , 35.45 , 33.88 , 81.19 ,4.70%
5/30/2022, 32.79 , 32.11 , 33.03 , 32.11 , 28.97 ,3.44%
5/27/2022, 31.70 , 32.22 , 32.44 , 31.68 , 20.26 ,-1.86%
5/26/2022, 32.30 , 31.58 , 32.67 , 31.32 , 26.99 ,2.28%
5/25/2022, 31.58 , 31.03 , 31.69 , 31.03 , 17.29 ,2.07%
5/24/2022, 30.94 , 31.49 , 31.76 , 30.89 , 16.72 ,-1.72%
5/23/2022, 31.48 , 31.65 , 31.69 , 30.64 , 23.33 ,0.25%
5/20/2022, 31.40 , 31.62 , 32.02 , 31.40 , 16.90 ,-1.20%
5/18/2022, 31.78 , 32.54 , 32.77 , 31.78 , 21.85 ,-2.34%
5/17/2022, 32.54 , 32.73 , 33.00 , 32.34 , 25.71 ,0.12%
5/16/2022, 32.50 , 32.54 , 33.17 , 32.49 , 32.12 ,0.18%
5/13/2022, 32.44 , 32.17 , 32.65 , 31.98 , 34.65 ,1.57%
5/12/2022, 31.94 , 31.53 , 32.26 , 31.02 , 56.21 ,0.19%
5/11/2022, 31.88 , 31.21 , 31.91 , 30.84 , 54.67 ,2.57%
5/10/2022, 31.08 , 31.21 , 31.83 , 30.84 , 38.96 ,0.06%
5/9/2022, 31.06 , 31.89 , 32.08 , 30.78 , 59.96 ,-3.87%
5/6/2022, 32.31 , 30.81 , 32.31 , 30.70 , 55.19 ,4.02%
5/5/2022, 31.06 , 30.82 , 31.65 , 30.70 , 40.53 ,4.76%
4/29/2022, 29.65 , 30.30 , 30.45 , 29.50 , 42.38 ,-1.59%
4/28/2022, 30.13 , 31.16 , 31.54 , 30.13 , 29.20 ,-3.06%
4/27/2022, 31.08 , 31.02 , 31.30 , 30.46 , 36.29 ,0.19%
4/26/2022, 31.02 , 32.79 , 32.79 , 30.70 , 51.89 ,-5.54%
4/25/2022, 32.84 , 31.91 , 33.08 , 31.55 , 38.46 ,2.11%
4/22/2022, 32.16 , 32.74 , 33.12 , 31.73 , 48.28 ,-1.35%
4/21/2022, 32.60 , 32.22 , 32.77 , 32.22 , 29.70 ,1.18%
4/20/2022, 32.22 , 32.48 , 32.79 , 32.03 , 42.48 ,-0.52%
4/19/2022, 32.39 , 31.94 , 32.64 , 31.93 , 60.25 ,1.73%
4/18/2022, 31.84 , 32.93 , 33.20 , 31.77 , 49.61 ,-3.16%
4/15/2022, 32.88 , 32.86 , 33.29 , 32.79 , 18.96 ,0.18%
4/14/2022, 32.82 , 32.79 , 33.10 , 32.21 , 31.66 ,1.17%
4/13/2022, 32.44 , 32.54 , 33.43 , 32.40 , 51.25 ,1.15%
4/12/2022, 32.07 , 31.27 , 32.21 , 31.08 , 49.74 ,2.66%
4/11/2022, 31.24 , 30.92 , 31.25 , 30.46 , 37.26 ,1.03%
4/8/2022, 30.92 , 30.41 , 31.05 , 30.39 , 33.70 ,2.42%
4/7/2022, 30.19 , 30.64 , 30.75 , 30.11 , 35.31 ,-0.95%
4/6/2022, 30.48 , 30.43 , 31.39 , 30.36 , 45.76 ,-0.10%
4/5/2022, 30.51 , 30.77 , 31.31 , 30.17 , 50.93 ,-0.39%
4/4/2022, 30.63 , 29.37 , 30.70 , 29.17 , 59.79 ,6.39%
4/1/2022, 28.79 , 27.15 , 29.12 , 26.78 , 68.44 ,6.04%
3/31/2022, 27.15 , 26.10 , 27.26 , 26.08 , 44.74 ,3.90%
3/30/2022, 26.13 , 26.30 , 26.37 , 26.08 , 19.01 ,0.00%
3/29/2022, 26.13 , 26.10 , 26.63 , 25.79 , 48.40 ,0.54%
3/28/2022, 25.99 , 26.12 , 26.51 , 25.74 , 20.70 ,-0.50%
3/25/2022, 26.12 , 26.08 , 26.44 , 26.01 , 16.95 ,0.50%
3/24/2022, 25.99 , 26.11 , 26.63 , 25.99 , 35.22 ,-0.19%
3/23/2022, 26.04 , 26.26 , 26.53 , 25.92 , 29.30 ,-0.46%
3/22/2022, 26.16 , 25.85 , 26.37 , 25.73 , 37.70 ,1.32%
3/21/2022, 25.82 , 25.26 , 25.89 , 25.23 , 31.74 ,4.03%
3/18/2022, 24.82 , 25.35 , 25.42 , 24.82 , 21.92 ,-1.15%
3/17/2022, 25.11 , 24.41 , 25.39 , 24.41 , 48.39 ,3.29%
3/16/2022, 24.31 , 24.82 , 24.94 , 24.20 , 29.66 ,-1.02%
3/15/2022, 24.56 , 25.32 , 25.54 , 24.56 , 34.69 ,-4.36%
3/14/2022, 25.68 , 25.98 , 26.04 , 25.68 , 16.80 ,-1.00%
3/11/2022, 25.94 , 25.96 , 26.10 , 25.32 , 41.30 ,-0.50%
3/10/2022, 26.07 , 24.77 , 26.16 , 24.53 , 80.41 ,5.04%
3/9/2022, 24.82 , 25.12 , 25.40 , 24.79 , 39.36 ,0.20%
3/8/2022, 24.77 , 24.56 , 24.91 , 24.50 , 36.00 ,1.31%
3/7/2022, 24.45 , 25.07 , 25.69 , 24.45 , 39.78 ,-1.21%
3/4/2022, 24.75 , 24.84 , 25.17 , 24.65 , 32.92 ,-0.56%
3/3/2022, 24.89 , 24.77 , 25.22 , 24.07 , 47.37 ,2.22%
3/2/2022, 24.35 , 24.58 , 25.39 , 24.22 , 44.39 ,-0.41%
3/1/2022, 24.45 , 24.54 , 24.77 , 23.99 , 32.13 ,0.12%
2/28/2022, 24.42 , 22.52 , 24.56 , 22.20 , 62.38 ,7.20%
2/25/2022, 22.78 , 21.65 , 22.99 , 21.52 , 32.17 ,7.81%
2/24/2022, 21.13 , 21.61 , 21.90 , 20.97 , 28.35 ,-9.24%
2/23/2022, 23.28 , 23.47 , 23.64 , 23.16 , 22.32 ,-0.13%
2/22/2022, 23.31 , 23.61 , 23.97 , 23.16 , 37.24 ,-2.79%
2/21/2022, 23.98 , 24.61 , 24.91 , 23.75 , 29.11 ,-1.52%
2/18/2022, 24.35 , 24.32 , 24.59 , 24.02 , 26.47 ,0.70%
2/17/2022, 24.18 , 25.02 , 25.11 , 24.13 , 52.07 ,-2.38%
2/16/2022, 24.77 , 24.79 , 25.17 , 24.42 , 38.48 ,0.49%
2/15/2022, 24.65 , 24.59 , 25.06 , 24.58 , 32.94 ,0.45%
2/14/2022, 24.54 , 24.69 , 25.13 , 24.09 , 54.42 ,-1.96%
2/11/2022, 25.03 , 23.87 , 25.03 , 23.84 , 57.15 ,4.03%
2/10/2022, 24.06 , 23.61 , 24.18 , 23.41 , 38.16 ,1.91%
2/9/2022, 23.61 , 23.36 , 24.15 , 23.12 , 50.86 ,1.50%
2/8/2022, 23.26 , 21.84 , 23.42 , 21.73 , 55.43 ,7.14%
2/7/2022, 21.71 , 20.98 , 21.71 , 20.51 , 34.09 ,3.63%
2/4/2022, 20.95 , 21.40 , 21.68 , 20.95 , 22.48 ,-1.18%
2/3/2022, 21.20 , 21.40 , 21.90 , 21.02 , 17.23 ,-1.21%
2/2/2022, 21.46 , 21.52 , 21.94 , 21.44 , 21.73 ,0.19%
2/1/2022, 21.42 , 21.78 , 21.97 , 21.25 , 16.39 ,-1.20%
1/31/2022, 21.68 , 21.74 , 21.98 , 21.56 , 21.53 ,1.50%
1/28/2022, 21.36 , 21.84 , 22.16 , 21.17 , 24.74 ,-2.02%
1/27/2022, 21.80 , 20.64 , 21.87 , 20.57 , 24.12 ,3.12%
1/26/2022, 21.14 , 21.27 , 21.64 , 21.09 , 25.03 ,-0.61%
1/25/2022, 21.27 , 21.09 , 21.45 , 20.52 , 29.62 ,0.95%
1/24/2022, 21.07 , 22.52 , 22.52 , 20.85 , 43.07 ,-7.14%
1/21/2022, 22.69 , 22.64 , 22.97 , 22.12 , 35.83 ,-0.66%
1/20/2022, 22.84 , 23.68 , 23.88 , 22.50 , 36.45 ,-3.42%
1/19/2022, 23.65 , 22.49 , 23.74 , 21.89 , 39.63 ,4.46%
1/18/2022, 22.64 , 23.83 , 23.98 , 22.64 , 20.20 ,-5.43%
1/17/2022, 23.94 , 23.92 , 24.42 , 23.89 , 26.54 ,1.31%
1/14/2022, 23.63 , 23.94 , 24.16 , 23.39 , 22.87 ,-1.29%
1/13/2022, 23.94 , 23.77 , 24.63 , 23.63 , 33.21 ,-0.08%
1/12/2022, 23.96 , 24.18 , 24.31 , 23.68 , 26.34 ,1.05%
1/11/2022, 23.71 , 24.02 , 24.12 , 22.85 , 36.88 ,0.08%
1/10/2022, 23.69 , 23.68 , 24.26 , 23.49 , 38.47 ,0.13%
1/7/2022, 23.66 , 23.80 , 24.02 , 23.07 , 33.20 ,0.00%
1/6/2022, 23.66 , 22.33 , 23.94 , 22.16 , 47.21 ,4.46%
1/5/2022, 22.65 , 21.47 , 22.68 , 21.27 , 43.48 ,5.55%
1/4/2022, 21.46 , 21.16 , 22.02 , 20.84 , 50.48 ,1.90%
1/3/2022, 21.06 , 19.55 , 21.06 , 19.37 , 39.20 ,7.72%
12/31/2021, 19.55 , 19.40 , 20.01 , 19.17 , 22.63 ,1.19%
12/30/2021, 19.32 , 20.01 , 20.30 , 19.28 , 22.04 ,-2.33%
12/29/2021, 19.78 , 18.94 , 19.93 , 18.64 , 29.31 ,4.44%
12/28/2021, 18.94 , 19.75 , 19.89 , 18.63 , 26.86 ,-2.12%
12/27/2021, 19.35 , 19.65 , 20.74 , 19.27 , 39.67 ,-1.12%
12/24/2021, 19.57 , 18.38 , 19.57 , 18.21 , 30.56 ,8.18%
12/23/2021, 18.09 , 19.02 , 19.37 , 17.22 , 81.46 ,-4.54%
12/22/2021, 18.95 , 20.01 , 20.64 , 18.95 , 50.07 ,-10.02%
12/21/2021, 21.06 , 23.42 , 23.61 , 21.06 , 31.38 ,-9.96%
12/20/2021, 23.39 , 22.66 , 24.55 , 21.42 , 43.60 ,-1.02%
12/17/2021, 23.63 , 26.36 , 27.96 , 23.53 , 61.96 ,-9.53%
12/16/2021, 26.12 , 24.79 , 26.16 , 24.37 , 53.23 ,6.57%
12/15/2021, 24.51 , 24.49 , 24.98 , 23.92 , 45.74 ,1.24%
12/14/2021, 24.21 , 24.56 , 24.91 , 23.78 , 61.32 ,1.38%
12/13/2021, 23.88 , 22.82 , 24.04 , 22.54 , 58.76 ,9.04%
12/10/2021, 21.90 , 20.85 , 21.96 , 20.61 , 56.57 ,4.94%
12/9/2021, 20.87 , 20.76 , 21.04 , 20.46 , 37.33 ,0.68%
12/8/2021, 20.73 , 20.89 , 21.14 , 20.22 , 35.63 ,0.24%
12/7/2021, 20.68 , 20.06 , 20.70 , 20.03 , 34.37 ,4.02%
12/6/2021, 19.88 , 19.74 , 20.01 , 19.50 , 23.27 ,1.27%
12/3/2021, 19.63 , 20.13 , 20.13 , 19.63 , 23.63 ,-0.61%
12/2/2021, 19.75 , 19.97 , 20.18 , 19.46 , 24.25 ,-0.75%
12/1/2021, 19.90 , 19.56 , 19.99 , 19.46 , 38.54 ,3.59%
11/30/2021, 19.21 , 19.54 , 19.54 , 19.06 , 32.55 ,-2.39%
11/29/2021, 19.68 , 19.22 , 19.76 , 19.02 , 38.03 ,4.29%
11/26/2021, 18.87 , 19.47 , 19.47 , 18.60 , 46.34 ,-5.08%
11/25/2021, 19.88 , 20.39 , 20.68 , 19.73 , 41.76 ,-1.83%
11/24/2021, 20.25 , 21.59 , 22.66 , 20.09 , 69.59 ,-5.33%
11/23/2021, 21.39 , 19.99 , 21.39 , 19.75 , 68.87 ,6.84%
11/22/2021, 20.02 , 19.75 , 20.11 , 19.52 , 28.57 ,1.93%
11/19/2021, 19.64 , 20.08 , 20.39 , 19.54 , 36.46 ,-1.70%
11/18/2021, 19.98 , 20.03 , 20.41 , 19.68 , 49.94 ,-0.25%
11/17/2021, 20.03 , 19.52 , 20.13 , 19.42 , 42.68 ,2.77%
11/16/2021, 19.49 , 19.63 , 19.66 , 18.94 , 54.96 ,0.00%
11/15/2021, 19.49 , 19.75 , 20.22 , 19.40 , 52.37 ,-1.07%
11/12/2021, 19.70 , 19.82 , 19.94 , 19.54 , 32.40 ,-0.61%
11/11/2021, 19.82 , 19.99 , 20.56 , 19.73 , 75.13 ,-0.85%
11/10/2021, 19.99 , 19.68 , 19.99 , 19.25 , 51.70 ,3.20%
11/9/2021, 19.37 , 18.69 , 19.55 , 18.66 , 42.96 ,3.64%
11/8/2021, 18.69 , 18.49 , 18.74 , 18.37 , 30.65 ,1.58%
11/5/2021, 18.40 , 17.73 , 18.55 , 17.60 , 48.40 ,1.83%
11/4/2021, 18.07 , 18.11 , 18.54 , 18.07 , 38.63 ,0.00%
11/3/2021, 18.07 , 17.78 , 18.07 , 17.27 , 39.01 ,1.75%
11/2/2021, 17.76 , 17.59 , 17.85 , 17.56 , 34.80 ,1.78%
11/1/2021, 17.45 , 17.70 , 17.74 , 17.22 , 27.32 ,-1.41%
10/28/2021, 17.70 , 17.84 , 17.88 , 17.70 , 9.77 ,-1.06%
10/27/2021, 17.89 , 17.70 , 18.03 , 17.59 , 39.76 ,1.07%
10/26/2021, 17.70 , 17.94 , 18.04 , 17.56 , 47.00 ,-1.39%
10/25/2021, 17.95 , 17.60 , 18.00 , 17.55 , 41.35 ,1.87%
10/22/2021, 17.62 , 17.24 , 17.76 , 17.09 , 57.06 ,2.09%
10/21/2021, 17.26 , 16.70 , 17.32 , 16.65 , 58.75 ,3.35%
10/20/2021, 16.70 , 16.46 , 16.83 , 16.40 , 40.89 ,1.27%
10/19/2021, 16.49 , 16.59 , 16.62 , 16.40 , 28.15 ,0.55%
10/18/2021, 16.40 , 16.36 , 16.43 , 15.99 , 55.55 ,0.43%
10/15/2021, 16.33 , 16.02 , 16.35 , 15.92 , 47.24 ,3.16%
10/14/2021, 15.83 , 15.62 , 15.95 , 15.61 , 45.94 ,1.80%
10/13/2021, 15.55 , 16.11 , 16.14 , 15.35 , 55.17 ,-3.30%
10/12/2021, 16.08 , 15.85 , 16.17 , 15.85 , 37.38 ,0.94%
10/11/2021, 15.93 , 15.69 , 16.02 , 15.66 , 38.72 ,2.31%
10/8/2021, 15.57 , 15.60 , 15.66 , 15.45 , 32.63 ,-0.13%
10/7/2021, 15.59 , 15.17 , 15.61 , 15.09 , 49.91 ,3.45%
10/6/2021, 15.07 , 15.28 , 15.38 , 14.98 , 59.81 ,-1.57%
10/5/2021, 15.31 , 14.73 , 15.31 , 14.67 , 74.23 ,4.22%
10/4/2021, 14.69 , 14.41 , 14.75 , 14.41 , 44.47 ,2.23%
10/1/2021, 14.37 , 14.47 , 14.64 , 14.36 , 29.07 ,-0.96%
9/30/2021, 14.51 , 14.27 , 14.59 , 14.26 , 55.52 ,1.68%
9/29/2021, 14.27 , 14.28 , 14.31 , 14.09 , 35.16 ,-0.14%
9/28/2021, 14.29 , 14.22 , 14.41 , 14.19 , 57.41 ,0.78%
9/27/2021, 14.18 , 14.09 , 14.26 , 14.02 , 35.75 ,1.07%
9/24/2021, 14.03 , 14.03 , 14.17 , 13.86 , 37.08 ,-0.36%
9/23/2021, 14.08 , 14.03 , 14.23 , 13.98 , 42.48 ,0.36%
9/22/2021, 14.03 , 13.99 , 14.05 , 13.81 , 35.93 ,1.01%
9/21/2021, 13.89 , 13.70 , 14.02 , 13.65 , 51.99 ,2.06%
9/20/2021, 13.61 , 13.62 , 13.67 , 13.46 , 31.46 ,-1.09%
9/17/2021, 13.76 , 13.78 , 13.90 , 13.70 , 33.16 ,0.51%
9/16/2021, 13.69 , 13.83 , 13.99 , 13.69 , 33.17 ,-1.01%
9/15/2021, 13.83 , 13.75 , 13.90 , 13.59 , 74.86 ,2.37%
9/14/2021, 13.51 , 13.18 , 13.52 , 13.17 , 66.30 ,2.97%
9/13/2021, 13.12 , 13.03 , 13.23 , 13.02 , 24.72 ,0.77%
9/10/2021, 13.02 , 13.22 , 13.26 , 13.02 , 19.53 ,-1.44%
9/9/2021, 13.21 , 12.88 , 13.21 , 12.86 , 30.28 ,2.17%
9/8/2021, 12.93 , 13.07 , 13.22 , 12.93 , 30.64 ,-1.07%
9/7/2021, 13.07 , 13.21 , 13.35 , 13.03 , 28.33 ,-1.06%
9/6/2021, 13.21 , 13.16 , 13.26 , 13.08 , 20.03 ,0.61%
9/3/2021, 13.13 , 13.27 , 13.33 , 13.10 , 31.93 ,-1.20%
9/2/2021, 13.29 , 13.14 , 13.33 , 13.05 , 35.95 ,1.30%
9/1/2021, 13.12 , 12.91 , 13.16 , 12.91 , 40.44 ,1.86%
8/31/2021, 12.88 , 12.67 , 12.90 , 12.66 , 50.63 ,2.14%
8/27/2021, 12.61 , 12.55 , 12.61 , 12.48 , 21.61 ,0.72%
8/26/2021, 12.52 , 12.61 , 12.72 , 12.51 , 25.02 ,-0.63%
8/25/2021, 12.60 , 12.78 , 12.81 , 12.59 , 30.06 ,-0.71%
8/24/2021, 12.69 , 12.74 , 12.83 , 12.67 , 22.60 ,0.24%
8/23/2021, 12.66 , 12.64 , 12.74 , 12.59 , 23.50 ,0.88%
8/20/2021, 12.55 , 12.71 , 12.81 , 12.44 , 41.99 ,-1.26%
8/19/2021, 12.71 , 12.74 , 12.86 , 12.67 , 28.53 ,-1.32%
8/18/2021, 12.88 , 13.04 , 13.12 , 12.85 , 42.11 ,-0.92%
8/17/2021, 13.00 , 12.71 , 13.00 , 12.58 , 45.96 ,2.04%
8/16/2021, 12.74 , 12.78 , 12.83 , 12.69 , 27.13 ,0.00%
8/13/2021, 12.74 , 12.46 , 12.74 , 12.45 , 48.00 ,2.33%
8/12/2021, 12.45 , 12.36 , 12.59 , 12.35 , 70.57 ,1.88%
8/11/2021, 12.22 , 12.62 , 12.63 , 12.17 , 52.51 ,-3.17%
8/10/2021, 12.62 , 12.42 , 12.66 , 12.40 , 36.32 ,1.61%
8/9/2021, 12.42 , 12.45 , 12.53 , 12.37 , 24.03 ,-0.08%
8/6/2021, 12.43 , 12.39 , 12.48 , 12.24 , 30.14 ,0.40%
8/5/2021, 12.38 , 12.00 , 12.41 , 11.98 , 59.08 ,3.43%
8/4/2021, 11.97 , 12.07 , 12.16 , 11.97 , 19.67 ,-0.58%
8/3/2021, 12.04 , 12.10 , 12.10 , 11.97 , 20.36 ,-0.50%
8/2/2021, 12.10 , 11.94 , 12.12 , 11.93 , 20.44 ,1.85%
7/30/2021, 11.88 , 11.88 , 11.96 , 11.80 , 20.99 ,-0.25%
7/29/2021, 11.91 , 11.72 , 11.93 , 11.72 , 23.12 ,2.32%
7/28/2021, 11.64 , 11.69 , 11.78 , 11.62 , 18.23 ,-0.43%
7/27/2021, 11.69 , 11.63 , 11.71 , 11.52 , 19.47 ,0.34%
7/26/2021, 11.65 , 11.90 , 11.93 , 11.63 , 19.03 ,-1.94%
7/19/2021, 11.88 , 11.96 , 11.96 , 11.86 , 4.66 ,-1.00%
7/16/2021, 12.00 , 12.03 , 12.07 , 11.94 , 10.83 ,-0.25%
7/14/2021, 12.03 , 11.96 , 12.04 , 11.95 , 16.13 ,1.09%
7/13/2021, 11.90 , 11.98 , 12.05 , 11.88 , 15.05 ,-0.58%
7/12/2021, 11.97 , 12.24 , 12.25 , 11.92 , 17.35 ,-2.13%
7/9/2021, 12.23 , 12.06 , 12.25 , 12.02 , 17.82 ,1.41%
7/8/2021, 12.06 , 12.17 , 12.29 , 12.04 , 15.49 ,-1.15%
7/7/2021, 12.20 , 12.21 , 12.31 , 12.18 , 13.48 ,0.25%
7/6/2021, 12.17 , 12.40 , 12.45 , 12.17 , 16.04 ,-1.54%
7/5/2021, 12.36 , 12.11 , 12.36 , 12.09 , 15.16 ,2.06%
7/2/2021, 12.11 , 12.19 , 12.34 , 12.11 , 18.16 ,-0.49%
7/1/2021, 12.17 , 12.01 , 12.21 , 12.01 , 16.81 ,1.42%
6/30/2021, 12.00 , 12.13 , 12.23 , 11.93 , 28.71 ,-0.83%
6/29/2021, 12.10 , 12.21 , 12.22 , 12.00 , 28.92 ,-0.90%
6/28/2021, 12.21 , 12.46 , 12.50 , 12.16 , 25.08 ,-1.93%
6/25/2021, 12.45 , 12.71 , 12.75 , 12.45 , 16.10 ,-1.74%
6/24/2021, 12.67 , 12.71 , 12.79 , 12.65 , 14.44 ,-0.16%
6/23/2021, 12.69 , 12.79 , 12.86 , 12.61 , 26.03 ,-0.24%
6/22/2021, 12.72 , 12.72 , 12.81 , 12.62 , 27.89 ,0.87%
6/21/2021, 12.61 , 12.79 , 12.80 , 12.52 , 27.24 ,-1.94%
6/18/2021, 12.86 , 13.22 , 13.23 , 12.78 , 25.64 ,-2.28%
6/17/2021, 13.16 , 13.02 , 13.21 , 12.99 , 31.21 ,0.92%
6/16/2021, 13.04 , 13.08 , 13.24 , 13.03 , 27.25 ,0.08%
6/15/2021, 13.03 , 13.12 , 13.24 , 12.91 , 31.32 ,-1.06%
6/14/2021, 13.17 , 13.18 , 13.31 , 13.03 , 36.26 ,0.30%
6/11/2021, 13.13 , 13.17 , 13.36 , 13.10 , 39.54 ,0.61%
6/10/2021, 13.05 , 13.03 , 13.14 , 12.97 , 18.84 ,0.46%
6/9/2021, 12.99 , 13.14 , 13.19 , 12.98 , 26.78 ,-0.76%
6/8/2021, 13.09 , 13.04 , 13.17 , 12.97 , 30.78 ,0.46%
6/7/2021, 13.03 , 12.99 , 13.21 , 12.90 , 28.36 ,-0.08%
6/4/2021, 13.04 , 13.16 , 13.16 , 12.94 , 36.72 ,0.00%
6/3/2021, 13.04 , 12.90 , 13.04 , 12.75 , 41.76 ,1.48%
6/2/2021, 12.85 , 12.49 , 12.94 , 12.49 , 58.15 ,2.96%
6/1/2021, 12.48 , 12.42 , 12.53 , 12.32 , 27.43 ,1.22%
5/31/2021, 12.33 , 12.36 , 12.47 , 12.29 , 23.35 ,-0.24%
5/28/2021, 12.36 , 12.28 , 12.44 , 12.16 , 36.73 ,0.82%
5/27/2021, 12.26 , 12.55 , 12.70 , 12.26 , 40.97 ,-2.39%
5/26/2021, 12.56 , 12.62 , 12.74 , 12.31 , 43.40 ,0.32%
5/25/2021, 12.52 , 13.08 , 13.09 , 12.52 , 29.37 ,-3.99%
5/24/2021, 13.04 , 13.10 , 13.12 , 12.88 , 16.69 ,0.08%
5/21/2021, 13.03 , 12.79 , 13.16 , 12.79 , 51.06 ,2.68%
5/20/2021, 12.69 , 12.79 , 13.00 , 12.63 , 36.37 ,-1.32%
5/18/2021, 12.86 , 12.89 , 13.04 , 12.66 , 31.62 ,0.39%
5/17/2021, 12.81 , 12.52 , 12.93 , 12.52 , 40.04 ,2.64%
5/12/2021, 12.48 , 12.09 , 12.51 , 12.00 , 28.83 ,2.97%
5/11/2021, 12.12 , 12.07 , 12.13 , 11.93 , 32.88 ,-0.66%
5/10/2021, 12.20 , 12.31 , 12.36 , 12.15 , 38.77 ,-0.25%
5/7/2021, 12.23 , 11.70 , 12.24 , 11.70 , 69.24 ,5.34%
5/6/2021, 11.61 , 11.56 , 11.73 , 11.51 , 38.56 ,0.43%
5/5/2021, 11.56 , 11.44 , 11.65 , 11.37 , 44.47 ,1.31%
5/4/2021, 11.41 , 11.51 , 11.57 , 11.36 , 28.33 ,-0.78%
5/3/2021, 11.50 , 11.14 , 11.50 , 11.14 , 36.24 ,3.51%
4/30/2021, 11.11 , 11.15 , 11.24 , 11.08 , 24.40 ,-0.27%
4/29/2021, 11.14 , 11.08 , 11.20 , 11.05 , 19.11 ,1.00%
4/28/2021, 11.03 , 10.91 , 11.15 , 10.91 , 23.13 ,0.73%
4/27/2021, 10.95 , 10.94 , 11.05 , 10.86 , 21.93 ,0.27%
4/26/2021, 10.92 , 10.90 , 10.98 , 10.79 , 23.07 ,-0.27%
4/22/2021, 10.95 , 10.62 , 11.06 , 10.49 , 21.83 ,1.77%
4/21/2021, 10.76 , 10.89 , 11.02 , 10.62 , 21.29 ,-1.82%
4/20/2021, 10.96 , 11.10 , 11.22 , 10.89 , 14.15 ,-0.99%
4/19/2021, 11.07 , 11.31 , 11.42 , 11.04 , 18.88 ,-2.04%
4/16/2021, 11.30 , 11.28 , 11.52 , 11.22 , 18.66 ,-0.26%
4/15/2021, 11.33 , 11.33 , 11.55 , 11.31 , 34.80 ,0.44%
4/14/2021, 11.28 , 11.00 , 11.28 , 10.98 , 20.31 ,3.11%
4/13/2021, 10.94 , 11.03 , 11.10 , 10.74 , 16.95 ,-0.73%
4/12/2021, 11.02 , 11.17 , 11.20 , 11.02 , 12.86 ,-1.78%
4/9/2021, 11.22 , 11.40 , 11.40 , 11.09 , 16.26 ,-1.58%
4/8/2021, 11.40 , 11.52 , 11.58 , 11.39 , 13.19 ,-1.04%
4/7/2021, 11.52 , 11.51 , 11.57 , 11.38 , 13.12 ,0.09%
4/6/2021, 11.51 , 11.71 , 11.79 , 11.51 , 16.81 ,-1.54%
4/5/2021, 11.69 , 11.64 , 11.72 , 11.56 , 13.17 ,0.26%
4/2/2021, 11.66 , 11.78 , 11.84 , 11.60 , 16.58 ,-0.26%
4/1/2021, 11.69 , 11.43 , 11.73 , 11.43 , 27.78 ,2.54%
3/31/2021, 11.40 , 11.46 , 11.57 , 11.37 , 26.50 ,-0.52%
3/30/2021, 11.46 , 11.71 , 11.82 , 11.38 , 40.60 ,-2.39%
3/29/2021, 11.74 , 11.81 , 11.93 , 11.67 , 26.57 ,-0.93%
3/26/2021, 11.85 , 12.09 , 12.23 , 11.67 , 29.98 ,-0.84%
3/25/2021, 11.95 , 11.86 , 12.36 , 11.78 , 60.11 ,2.49%
3/24/2021, 11.66 , 11.40 , 11.69 , 11.24 , 34.11 ,3.92%
3/23/2021, 11.22 , 10.64 , 11.53 , 10.36 , 46.95 ,-2.09%
3/22/2021, 11.46 , 12.03 , 12.08 , 11.46 , 37.17 ,-10.05%
3/19/2021, 12.74 , 12.90 , 12.94 , 12.65 , 24.85 ,-1.62%
3/18/2021, 12.95 , 13.07 , 13.24 , 12.95 , 27.22 ,-0.69%
3/17/2021, 13.04 , 13.38 , 13.50 , 13.03 , 30.01 ,-2.47%
3/16/2021, 13.37 , 13.45 , 13.48 , 13.32 , 16.25 ,-0.74%
3/15/2021, 13.47 , 13.56 , 13.67 , 13.47 , 18.48 ,-0.88%
3/12/2021, 13.59 , 13.55 , 13.70 , 13.50 , 29.35 ,0.30%
3/11/2021, 13.55 , 13.57 , 13.73 , 13.50 , 30.03 ,0.30%
3/10/2021, 13.51 , 13.55 , 13.73 , 13.47 , 23.65 ,-0.37%
3/9/2021, 13.56 , 13.70 , 13.74 , 13.54 , 27.82 ,-0.37%
3/8/2021, 13.61 , 13.62 , 13.93 , 13.54 , 63.43 ,0.74%
3/5/2021, 13.51 , 13.57 , 13.73 , 13.40 , 47.98 ,0.82%
3/4/2021, 13.40 , 13.40 , 13.52 , 13.26 , 26.25 ,0.00%
3/3/2021, 13.40 , 13.73 , 13.75 , 13.35 , 34.48 ,-1.62%
3/2/2021, 13.62 , 13.40 , 13.81 , 13.33 , 58.47 ,1.64%
3/1/2021, 13.40 , 12.98 , 13.42 , 12.97 , 38.31 ,4.69%
2/26/2021, 12.80 , 12.70 , 12.99 , 12.70 , 34.98 ,-1.77%
2/25/2021, 13.03 , 13.13 , 13.27 , 12.86 , 39.74 ,0.31%
2/24/2021, 12.99 , 12.89 , 13.16 , 12.80 , 30.50 ,0.78%
2/23/2021, 12.89 , 12.90 , 13.41 , 12.84 , 81.52 ,0.86%
2/22/2021, 12.78 , 13.10 , 13.10 , 12.78 , 23.50 ,-1.92%
2/19/2021, 13.03 , 12.97 , 13.07 , 12.90 , 24.61 ,1.32%
2/18/2021, 12.86 , 13.00 , 13.18 , 12.86 , 42.02 ,-0.54%
2/17/2021, 12.93 , 13.21 , 13.22 , 12.91 , 30.98 ,-1.52%
2/16/2021, 13.13 , 13.37 , 13.60 , 13.04 , 50.09 ,-1.43%
2/15/2021, 13.32 , 13.18 , 13.37 , 13.12 , 32.41 ,2.54%
2/12/2021, 12.99 , 13.17 , 13.31 , 12.97 , 32.33 ,-3.06%
2/11/2021, 13.40 , 13.19 , 13.50 , 13.12 , 38.57 ,1.67%
2/10/2021, 13.18 , 13.23 , 13.36 , 12.95 , 33.52 ,0.08%
2/9/2021, 13.17 , 12.83 , 13.31 , 12.79 , 53.60 ,3.21%
2/8/2021, 12.76 , 12.85 , 12.98 , 12.67 , 26.45 ,0.08%
2/5/2021, 12.75 , 12.98 , 13.03 , 12.74 , 16.50 ,-0.62%
2/4/2021, 12.83 , 12.89 , 13.05 , 12.81 , 28.49 ,0.00%
2/3/2021, 12.83 , 12.79 , 12.90 , 12.63 , 21.15 ,0.94%
2/2/2021, 12.71 , 12.69 , 12.81 , 12.57 , 20.29 ,1.11%
2/1/2021, 12.57 , 12.67 , 12.75 , 12.52 , 20.78 ,-0.16%
1/29/2021, 12.59 , 12.79 , 12.90 , 12.57 , 21.71 ,-3.00%
1/28/2021, 12.98 , 12.46 , 12.98 , 12.20 , 34.67 ,3.59%
1/27/2021, 12.53 , 12.97 , 13.22 , 12.53 , 39.88 ,-3.39%
1/26/2021, 12.97 , 13.10 , 13.18 , 12.90 , 26.52 ,-1.97%
1/25/2021, 13.23 , 13.57 , 13.60 , 13.23 , 23.98 ,-2.14%
1/22/2021, 13.52 , 13.50 , 13.61 , 13.32 , 24.91 ,-0.22%
1/21/2021, 13.55 , 13.86 , 13.89 , 13.55 , 26.08 ,-1.67%
1/20/2021, 13.78 , 13.76 , 14.08 , 13.73 , 48.52 ,0.36%
1/19/2021, 13.73 , 13.80 , 14.02 , 13.67 , 30.51 ,0.29%
1/18/2021, 13.69 , 13.54 , 13.81 , 13.19 , 36.02 ,1.71%
1/15/2021, 13.46 , 13.85 , 13.88 , 13.38 , 27.35 ,-3.37%
1/14/2021, 13.93 , 13.80 , 14.05 , 13.73 , 38.72 ,1.31%
1/13/2021, 13.75 , 13.95 , 14.04 , 13.62 , 33.01 ,-0.72%
1/12/2021, 13.85 , 14.03 , 14.12 , 13.85 , 32.77 ,-0.65%
1/11/2021, 13.94 , 14.12 , 14.28 , 13.83 , 33.93 ,-1.90%
1/8/2021, 14.21 , 14.19 , 14.29 , 14.08 , 25.83 ,0.78%
1/7/2021, 14.10 , 14.19 , 14.27 , 14.02 , 24.63 ,-0.14%
1/6/2021, 14.12 , 14.33 , 14.42 , 14.10 , 46.12 ,0.50%
1/5/2021, 14.05 , 13.75 , 14.26 , 13.74 , 78.28 ,1.01%
1/4/2021, 13.91 , 13.79 , 13.98 , 13.71 , 37.19 ,1.76%
